fecha,Bolivia,La Paz,Cochabamba,Santa Cruz,Oruro,Potos√≠,Chuquisaca,Tarija,Beni,Pando
2021-02-03,1971,349,409,617,80,65,181,110,42,118
2021-02-04,1612,669,357,129,89,90,1,162,15,100
2021-02-05,2258,753,325,245,105,103,225,349,91,62
2021-02-06,206,76,0,0,112,0,1,1,16,0
2021-02-07,116,0,0,0,87,0,0,0,29,0
2021-02-08,1153,79,156,241,201,36,160,71,209,0
2021-02-09,847,49,141,321,15,31,86,42,162,0
2021-02-10,415,19,8,18,0,353,0,0,17,0
2021-02-11,0,0,0,0,0,0,0,0,0,0
2021-02-12,0,0,0,0,0,0,0,0,0,0
2021-02-13,0,0,0,0,0,0,0,0,0,0
2021-02-14,0,0,0,0,0,0,0,0,0,0
2021-02-15,0,0,0,0,0,0,0,0,0,0
2021-02-16,0,0,0,0,0,0,0,0,0,0
2021-02-17,0,0,0,0,0,0,0,0,0,0
2021-02-18,0,0,0,0,0,0,0,0,0,0
2021-02-19,0,0,0,0,0,0,0,0,0,0
2021-02-20,134,3,0,0,0,10,105,0,16,0
2021-02-21,0,0,0,0,0,0,0,0,0,0
2021-02-22,0,0,0,0,0,0,0,0,0,0
2021-02-23,0,0,0,0,0,0,0,0,0,0
2021-02-24,0,0,0,0,0,0,0,0,0,0
2021-02-25,1678,34,0,1411,202,0,0,31,0,0
2021-02-26,0,0,0,0,0,0,0,0,0,0
2021-02-27,10233,1674,0,3824,3146,1,994,365,46,183
2021-02-28,0,0,0,0,0,0,0,0,0,0
2021-03-01,0,0,0,0,0,0,0,0,0,0
2021-03-02,24243,8330,3075,3583,1508,706,3530,2241,799,471
2021-03-03,0,0,0,0,0,0,0,0,0,0
2021-03-04,0,0,0,0,0,0,0,0,0,0
2021-03-05,0,0,0,0,0,0,0,0,0,0
2021-03-06,49942,11100,11615,13199,578,3462,3172,3054,3413,349
2021-03-07,723,442,71,60,2,33,52,3,60,0
2021-03-08,5116,842,1059,1947,285,169,332,184,249,49
2021-03-09,6974,1137,1048,3206,175,406,311,341,278,72
2021-03-10,7801,1686,1743,2410,210,432,449,515,271,85
2021-03-11,5337,1182,1168,1366,145,286,526,433,162,69
2021-03-12,4851,1149,1105,987,143,275,429,490,135,138
2021-03-13,637,286,174,30,0,0,47,86,6,8
2021-03-14,431,278,90,17,0,7,39,0,0,0
2021-03-15,3547,1061,607,763,112,193,151,396,150,114
2021-03-16,4218,1357,946,871,52,175,253,398,131,35
2021-03-17,4500,1088,1067,686,71,193,433,754,132,76
2021-03-18,4284,903,684,959,106,252,487,622,157,114
2021-03-19,5229,907,2735,775,79,113,207,344,44,25
2021-03-20,441,124,0,4,78,26,47,132,30,0
2021-03-21,332,39,0,0,61,17,10,173,32,0
2021-03-22,2977,997,596,684,135,121,154,179,74,37
2021-03-23,2462,763,0,757,135,158,238,260,107,44
2021-03-24,4942,797,2499,701,158,217,217,142,119,92
2021-03-25,5538,852,2798,945,290,204,134,67,99,149
2021-03-26,6527,850,3389,1242,151,292,185,99,193,126
2021-03-27,1535,229,372,24,18,58,15,53,766,0
2021-03-28,370,101,88,144,0,10,0,0,3,24
2021-03-29,5315,929,2124,1074,93,194,82,22,752,45
2021-03-30,6477,1415,2697,1327,131,225,47,111,491,33
2021-03-31,7919,1220,2524,2346,288,368,0,74,721,378
2021-04-01,8223,1322,2158,1995,157,436,190,99,1125,741
2021-04-02,994,191,114,383,4,42,3,3,67,187
2021-04-03,1018,53,75,220,35,23,0,7,380,225
2021-04-04,888,129,158,434,8,31,40,0,21,67
2021-04-05,9923,1404,3997,1895,437,516,118,56,1109,391
2021-04-06,13630,1465,4733,3248,712,1169,198,216,1275,614
2021-04-07,16207,1992,4176,3741,1773,1629,630,579,1185,502
2021-04-08,17969,2419,3556,2928,2150,2908,868,1215,1267,658
2021-04-09,19069,3094,2886,3374,2382,2494,1454,1415,1276,694
2021-04-10,4203,1015,709,457,805,417,220,309,133,138
2021-04-11,2349,425,383,479,582,78,202,74,46,80
2021-04-12,13638,3450,2207,3738,679,715,811,758,910,370
2021-04-13,14710,3977,2143,3469,941,852,719,944,1075,590
2021-04-14,15436,3872,2054,3616,844,814,1030,784,983,1439
2021-04-15,15458,4109,1930,3477,819,747,1721,229,1007,1419
2021-04-16,16738,4640,1539,5015,862,757,1205,384,1028,1308
2021-04-17,5150,1035,243,342,1153,154,1463,103,119,538
2021-04-18,2656,400,217,428,786,142,407,14,57,205
2021-04-19,12750,3846,1046,3381,432,452,787,486,1040,1280
2021-04-20,14198,4610,1514,2937,320,534,1043,750,1445,1045
2021-04-21,13556,4289,1336,3386,61,517,932,757,1210,1068
2021-04-22,17495,4626,2390,3925,1700,462,547,1371,1277,1197
2021-04-23,25505,5273,2810,4094,3904,1148,3655,1304,1871,1446
2021-04-24,9180,1178,299,672,2800,440,2362,157,161,1111
2021-04-25,3763,862,175,195,1592,517,173,24,37,188
2021-04-26,20909,3865,2801,4244,710,1272,2885,1537,2126,1469
2021-04-27,26463,8278,2720,4270,358,885,3673,2071,2202,2006
2021-04-28,30513,9540,4291,6823,149,734,3016,1893,2005,2062
2021-04-29,29348,8934,4901,7765,109,952,2364,1712,1657,954
2021-04-30,33715,10373,5698,9019,51,1324,1886,1874,2247,1243
2021-05-01,4066,1143,386,370,22,427,876,378,201,263
2021-05-02,1836,479,291,133,0,109,666,23,44,91
2021-05-03,21258,7341,3901,6146,9,838,1394,492,783,354
2021-05-04,25347,3883,6307,8788,1350,892,1546,1098,1211,272
2021-05-05,26592,6207,7406,7295,1356,1004,1057,720,1308,239
2021-05-06,20607,8568,4276,4099,226,598,903,709,1043,185
2021-05-07,17954,8508,724,3983,14,1256,756,710,1852,151
2021-05-08,5111,1786,131,864,1,437,291,259,1295,47
2021-05-09,857,269,5,130,0,217,148,11,59,18
2021-05-10,7497,1080,327,2234,0,1152,425,587,1586,106
2021-05-11,7180,1027,367,1547,0,1187,295,527,2116,114
2021-05-12,5686,901,390,793,0,1132,426,669,1338,37
2021-05-13,22389,6125,10036,2921,0,1253,10,271,1620,153
2021-05-14,33477,9126,13470,6497,13,1759,160,372,1865,215
2021-05-15,8098,1213,3539,851,833,457,775,127,287,16
2021-05-16,2752,202,520,27,519,849,375,78,131,51
2021-05-17,36251,8084,9027,11530,2187,1835,87,1976,1162,363
2021-05-18,45341,8767,10694,14031,4524,1697,1708,2347,1285,288
2021-05-19,49000,9608,13131,13692,4594,1571,2324,2569,1216,295
2021-05-20,52780,9080,15431,14498,4282,1949,2998,2737,1420,385
2021-05-21,53822,9583,13742,16675,3561,2353,3168,2999,1235,506
2021-05-22,13247,2592,3084,1534,1605,1448,1830,650,328,176
2021-05-23,4442,1157,712,167,121,536,1376,99,122,152
2021-05-24,36688,7943,9239,9956,1468,1542,2668,2485,1101,286
2021-05-25,32295,7098,8722,8463,1836,1484,790,2578,930,394
2021-05-26,40618,9914,8042,12163,1781,1295,2779,3252,1027,365
2021-05-27,38588,9528,6413,14219,2376,1196,2390,1909,379,178
2021-05-28,46949,12331,7446,16245,2768,1573,2820,2559,1065,142
2021-05-29,12262,4166,768,1640,1330,923,1113,2123,139,60
2021-05-30,4754,1930,887,158,246,375,448,585,103,22
2021-05-31,43511,9934,5848,16761,2149,1740,2469,3495,787,328
2021-06-01,45003,12282,6439,16964,2062,1691,1525,2692,1054,294
2021-06-02,35858,10913,4154,13829,1399,1466,1200,1658,948,291
2021-06-03,7946,1671,654,2194,583,663,975,844,269,93
2021-06-04,23575,6513,1187,7313,1384,1145,1912,2855,982,284
2021-06-05,6937,2800,280,939,410,636,1074,444,276,78
2021-06-06,3154,1372,303,88,102,414,720,63,86,6
2021-06-07,16571,5653,2698,4301,152,1183,1122,617,679,166
2021-06-08,20104,7098,1259,5065,773,1841,1180,1266,1344,278
2021-06-09,15035,5640,1070,3561,890,1049,1011,873,767,174
2021-06-10,10254,3835,693,2645,713,572,379,571,698,148
2021-06-11,22203,7567,1171,5876,3216,1312,377,840,1595,249
2021-06-12,4159,1316,164,905,213,496,62,380,515,108
2021-06-13,2142,697,188,158,18,641,232,114,73,21
2021-06-14,11990,3214,462,5473,111,1218,230,425,748,109
2021-06-15,15631,3744,2497,5568,528,1398,272,803,685,136
2021-06-16,22138,3920,4622,6475,1494,1252,883,2489,846,157
2021-06-17,21025,4603,4591,5390,1154,909,1301,1832,964,281
2021-06-18,18767,4874,3933,4933,1023,939,958,1223,585,299
2021-06-19,5245,1790,299,1276,599,488,169,238,266,120
2021-06-20,4344,944,64,3080,7,105,56,26,54,8
2021-06-21,1419,622,70,119,17,388,65,96,30,12
2021-06-22,13300,3582,3204,3493,641,557,668,515,522,118
2021-06-23,25593,7423,4882,9061,632,687,1435,574,651,248
2021-06-24,38977,9195,6157,16059,890,733,1536,3611,612,184
2021-06-25,43836,9637,7146,16806,1316,2599,1658,3879,649,146
2021-06-26,11287,1694,512,4680,995,274,485,2449,189,9
2021-06-27,9946,1010,432,7646,109,329,92,191,99,38
2021-06-28,34882,7570,5063,14574,1261,1156,1350,3412,421,75
2021-06-29,34641,7311,4647,13769,1793,1621,1280,3500,582,138
2021-06-30,27562,6243,4587,9591,1319,855,1142,3270,486,69
2021-07-01,41904,10596,9015,10675,2218,1264,2313,4581,1018,224
2021-07-02,60551,14895,12204,18104,3235,1910,3518,5448,1090,147
2021-07-03,15223,2660,2024,3731,917,1304,1349,2991,227,20
2021-07-04,21463,2567,2057,11489,494,1536,1790,1357,146,27
2021-07-05,37672,7638,6547,14670,1378,889,2066,3715,717,52
2021-07-06,75994,18820,12117,28485,3846,2402,3923,4919,1381,101
2021-07-07,66179,13060,9820,26331,2554,2368,3482,6571,1882,111
2021-07-08,45267,10801,8336,12953,1895,2127,2705,4791,1488,171
2021-07-09,40366,12454,7967,5947,2596,2755,2975,4305,1228,139
2021-07-10,14143,2912,1935,4973,560,1330,1188,1194,37,14
2021-07-11,17156,1617,1132,11992,229,551,958,603,43,31
2021-07-12,52335,11852,8110,21611,1984,1667,2369,3493,1126,123
2021-07-14,108328,23956,17857,42404,3209,4722,6447,7654,1863,216
2021-07-15,46778,12405,6970,16813,1653,1594,2597,3519,1123,104
2021-07-16,40285,436,7805,20241,2003,1968,3227,3385,1002,218
2021-07-17,18779,1951,3613,8585,454,751,1574,1571,197,83
2021-07-18,29166,10724,4535,10544,215,738,745,1497,155,13
2021-07-19,48686,10063,6749,21379,1893,1899,2796,2909,917,81
2021-07-20,49995,8870,6727,24324,1365,1850,2585,3189,960,125
2021-07-21,51753,10446,5889,24866,1346,1823,2757,3450,1065,111
2021-07-22,47472,9632,5759,23057,1301,2233,1789,2798,790,113
2021-07-23,43046,9181,5132,18633,1394,3357,1857,2581,785,126
2021-07-24,16696,4352,1903,6335,492,1165,915,1358,121,55
2021-07-25,26013,11901,2251,8967,335,753,426,1216,53,111
2021-07-26,39497,8696,5204,17571,1755,1466,1591,2251,779,184
2021-07-27,45860,10707,5593,19888,1385,2278,1798,3006,953,252
2021-07-28,39611,9571,8178,15560,1292,1074,1215,2010,611,100
2021-07-29,36219,7399,10822,13281,871,742,726,1845,471,62
2021-07-30,32626,6814,10828,9997,808,1429,793,1306,585,66
2021-07-31,12112,2946,3319,3590,380,732,320,811,11,3
2021-08-01,17636,5890,4772,6174,13,60,147,580,0,0
2021-08-02,36749,7032,10715,13565,1147,799,1055,1908,460,68
2021-08-03,29657,6042,7826,11125,843,706,638,1977,452,48
2021-08-05,55819,11479,14911,18097,1881,1256,3445,3863,780,107
2021-08-06,2779,666,183,129,66,74,825,832,4,0
2021-08-07,7832,1526,1518,2494,119,145,1111,911,8,0
2021-08-08,9813,1850,2694,3941,59,169,538,561,0,1
2021-08-09,29790,5983,8108,9496,1246,856,1784,1919,357,41
2021-08-10,25950,4805,6682,8327,1602,923,1520,1665,376,50
2021-08-11,23132,4820,5777,7061,1449,971,1048,1709,259,38
2021-08-12,28053,5063,5535,11031,1902,1136,1087,1903,345,51
2021-08-13,33106,6983,6210,12254,2380,1095,1974,1654,484,72
2021-08-14,12385,4270,1452,4583,744,443,738,143,12,0
2021-08-15,13429,3905,1927,5056,719,1195,441,185,1,0
2021-08-16,30910,6393,5026,12169,2029,1361,1700,1676,501,55
2021-08-17,28214,6441,4865,10100,1837,1454,1409,1495,572,41
2021-08-18,28480,6616,4832,9955,2158,1481,1279,1317,736,106
2021-08-19,26423,5340,4651,9317,2018,2163,1065,1282,538,49
2021-08-20,25321,5892,4920,8216,1606,1647,1123,1223,613,81
2021-08-21,7409,2553,1155,1831,405,499,634,296,16,20
2021-08-22,8666,2089,1845,3589,345,493,280,15,9,1
2021-08-23,22574,4658,4399,7975,1273,1218,1149,1232,606,64
2021-08-24,43378,8988,8395,15218,2969,2911,1795,1982,997,123
2021-08-25,43384,8943,9485,15151,2588,1725,1843,2672,873,104
2021-08-26,71947,15775,12719,29000,2676,1728,3762,4786,1375,126
2021-08-27,56478,11180,5678,13926,3383,15919,2794,2550,938,110
2021-08-28,32639,7390,7430,12691,1392,2095,1352,171,99,19
2021-08-29,32172,7050,7654,13081,1261,1897,1067,92,64,6
2021-08-30,75648,18974,3417,21670,3274,14182,8001,1522,3927,681
2021-09-10,10201,2992,1313,1225,497,1732,717,881,577,267
2021-09-11,2277,960,311,145,104,417,175,131,24,10
2021-09-12,1784,857,305,178,14,294,55,44,33,4
2021-09-14,21930,7344,1820,2458,1236,3677,2065,1700,1409,221
2021-09-15,11621,3927,807,1127,739,2166,851,1086,802,116
2021-09-18,22774,8657,3647,1631,932,3646,1440,1398,1221,202
2021-09-20,18975,8288,2774,151,522,3362,1620,1228,909,121
2021-09-22,32595,14811,5010,1324,1178,5551,1503,1126,1838,254
2021-09-23,0,0,0,0,0,0,0,0,0,0
2021-09-24,10018,4186,1895,13,437,1663,573,509,725,17
2021-09-25,3931,2492,597,8,77,477,175,86,18,1
2021-09-26,3114,2128,550,1,9,352,48,8,18,0
2021-09-27,14954,7149,2987,133,569,1447,1051,613,918,87
2021-09-29,25593,12901,5136,508,1128,1694,1400,936,1666,224
2021-10-01,13905,5484,4336,1355,635,243,560,731,483,78
2021-10-02,1652,447,719,251,71,36,101,15,8,4
2021-10-03,2490,571,919,201,18,25,96,2,654,4
2021-10-04,19278,6014,4550,2438,896,1783,1017,573,1659,348
2021-10-05,9807,2046,3122,2160,483,387,544,414,612,39
2021-10-06,9425,2253,2914,2020,327,413,422,352,613,111
2021-10-07,7891,2072,2426,1914,301,263,391,342,119,63
2021-10-08,8029,2026,2545,1923,303,330,388,0,444,70
2021-10-09,2154,616,501,414,52,22,40,508,1,0
2021-10-10,2088,778,766,319,1,78,29,9,25,83
2021-10-11,9679,3332,2865,931,466,667,642,266,426,84
2021-10-12,8002,2060,2179,1601,395,370,566,279,496,56
2021-10-13,8146,2080,2130,1748,345,470,468,319,490,96
2021-10-14,8443,2221,2253,1876,342,417,451,339,470,74
2021-10-15,8535,2329,2264,1862,401,414,528,323,332,82
2021-10-16,1633,440,633,254,77,40,156,26,5,2
2021-10-17,2395,457,1166,580,37,52,75,9,16,3
2021-10-18,11037,3022,3162,2138,530,516,726,388,436,119
2021-10-19,10013,2647,2788,2532,533,349,538,265,341,20
2021-10-20,8411,2021,2452,1940,457,289,394,350,329,179
2021-10-21,9094,2339,2684,1943,488,280,626,286,358,90
2021-10-22,9857,2393,2718,2741,411,219,548,457,280,90
2021-10-23,3451,753,1158,669,190,33,551,56,41,0
2021-10-24,1970,739,362,548,89,21,115,56,37,3
2021-10-25,17441,4036,6244,3857,791,292,972,509,652,88
2021-10-26,13129,2448,5865,2869,336,122,663,394,346,86
2021-10-27,16924,3542,7212,3216,593,389,740,543,582,107
2021-10-28,10812,2357,4266,2285,467,183,365,426,400,63
2021-10-31,2585,345,763,1074,98,36,72,43,128,26
2021-11-01,11221,2518,4008,2433,212,438,334,386,600,292
2021-11-02,893,407,342,108,9,3,1,7,10,6
2021-11-03,9050,2230,2363,2526,357,363,275,417,462,57
2021-11-04,12657,3124,3096,3372,627,415,520,656,703,144
2021-11-05,15341,4659,3028,4002,961,558,787,538,681,127
2021-11-06,6263,3252,719,771,644,188,463,0,173,53
2021-11-07,2289,896,336,694,28,20,56,258,0,1
2021-11-08,11795,3655,3125,1263,603,858,1092,520,584,95
2021-11-09,14883,4406,3587,2262,1171,880,1024,643,767,143
2021-11-10,15050,3998,3545,4766,543,230,914,774,134,146
2021-11-11,27061,7053,5454,8653,1084,685,1737,1516,704,175
2021-11-12,27755,6761,5412,9242,1314,838,1489,1540,971,188
2021-11-13,13491,4758,2086,2726,746,626,1355,805,242,147
2021-11-14,7425,2462,1206,1479,236,1124,572,106,205,35
2021-11-15,18226,5187,4218,3796,1000,941,1132,1130,666,156
2021-11-16,30077,7345,6647,8233,1775,1804,1652,1588,814,219
2021-11-17,30573,7131,8094,7622,1740,1242,1935,1534,1111,164
2021-11-18,35971,6872,8909,10855,1566,2428,2611,2246,352,132
2021-11-19,32629,7083,7061,10096,1456,2164,2145,1618,775,231
2021-11-20,17697,4612,3122,4481,1235,1304,1472,938,424,109
2021-11-21,2748,782,701,1064,87,9,105,0,0,0
2021-11-22,13652,2369,3411,4430,847,237,1072,853,257,176
2021-11-23,33581,7308,6656,8015,1862,4434,2584,1456,1018,248
2021-11-24,24410,4499,5547,7240,1799,1569,1573,1210,753,220
2021-11-25,22668,4058,4875,7260,1853,1458,1289,1015,655,205
2021-11-26,21377,3951,3811,7076,1714,1321,1542,1228,517,217
2021-11-27,8444,2893,1184,1572,682,492,846,639,109,27
2021-11-28,2764,546,638,1355,64,25,92,44,0,0
2021-11-29,22345,4428,4067,7455,1064,1795,1429,1194,712,201
2021-11-30,19619,3448,3244,7332,1238,1007,1360,1140,558,292
2021-12-01,18939,3825,2825,7170,1097,763,1251,1160,568,280
2021-12-02,16524,3230,2321,5980,1012,840,1199,1186,570,186
2021-12-03,16142,3185,2336,5660,1072,1105,973,1030,561,220
2021-12-04,5380,1298,709,1430,446,587,414,297,151,48
2021-12-05,1715,290,267,1069,42,8,21,16,2,0
2021-12-06,15336,3310,2573,5339,741,980,943,886,390,174
2021-12-07,15662,2804,2445,5749,985,918,1066,989,582,124
2021-12-08,15185,2900,2253,5522,765,837,858,1132,687,231
2021-12-09,14729,2567,2949,4769,799,541,1011,924,962,207
2021-12-10,20827,3934,5206,6458,828,765,1266,977,1135,258
2021-12-11,7260,1898,1225,1594,442,423,793,429,329,127
2021-12-12,2381,483,489,1204,44,27,77,33,16,8
2021-12-13,24066,4715,4935,8546,1243,1086,1336,1082,995,128
2021-12-14,26324,4552,5197,9396,1726,1243,1183,1450,1184,393
2021-12-15,27186,5054,5105,9389,1641,1256,1441,1675,1038,587
2021-12-16,26996,4690,4267,11057,1377,1115,1466,1434,1119,471
2021-12-17,22152,3727,3780,9140,567,982,1457,1267,963,269
2021-12-18,6902,1588,1000,2051,503,488,732,291,86,163
2021-12-19,9934,448,404,7844,51,38,64,1085,0,0
2021-12-20,22415,3742,3778,9130,1246,1196,1111,1162,845,205
2021-12-21,23129,4244,3292,8935,1267,1431,1374,1368,861,357
2021-12-22,20670,3563,3343,8440,1091,918,1035,1233,791,256
2021-12-23,16015,2839,3319,5107,1015,1103,961,922,478,271
2021-12-24,13931,3151,2637,4723,765,952,614,599,339,151
2021-12-25,1024,356,154,89,70,173,79,53,0,50
2021-12-26,2089,486,344,1067,48,98,44,2,0,0
2021-12-27,25337,4972,5563,8218,1373,1842,1140,1153,851,225
2021-12-28,44879,11649,8577,13923,2799,2128,1950,2045,1408,400
2021-12-29,29134,10201,4691,6194,2271,1938,1359,1350,856,274
2021-12-30,46829,13263,9772,11324,3352,2179,2198,2611,1820,310
2022-01-01,43851,14867,9592,9032,2891,2432,1557,1722,1473,285
2022-01-02,4866,2430,893,1159,177,160,45,2,0,0
2022-01-03,90846,31835,13441,15867,2246,11036,5551,3186,6098,1586
2022-01-04,96553,35422,19017,20018,7422,3668,3993,3614,2984,415
2022-01-05,89552,33501,20304,15187,6622,3776,3198,3175,3458,331
2022-01-06,96382,35511,22383,16940,6099,5319,2794,3850,3088,398
2022-01-08,105705,38840,23686,20120,5303,5694,3971,4316,3420,355
2022-01-09,10139,3137,2926,2717,433,495,250,54,126,1
2022-01-10,60342,19177,12294,14623,2511,3636,2523,2771,2443,364
2022-01-11,50111,14369,10291,14532,1992,2332,2061,2443,1881,210
2022-01-12,40611,10815,7971,13647,1559,1290,1556,2221,1289,263
2022-01-13,53486,15207,9642,16460,1884,3047,2171,2286,2262,527
2022-01-14,39802,9294,7850,14179,1382,1913,1862,1583,1355,384
2022-01-15,15269,3640,2868,5503,836,451,1008,487,357,119
2022-01-16,5561,974,1897,2244,131,190,55,37,2,31
2022-01-17,72984,21821,9055,18466,1689,9513,3712,2619,4761,1348
2022-01-18,36397,7393,6402,14333,1198,2066,1509,1529,1694,273
2022-01-19,31688,7236,5823,11845,1030,1687,1255,1194,1372,246
2022-01-20,20400,4315,3598,7509,641,1307,851,997,1021,161
2022-01-21,23061,4744,4130,8666,890,1263,1166,1171,863,168
2022-01-22,4490,1282,698,1347,197,259,301,130,192,84
2022-01-23,2276,345,561,1183,81,33,67,2,3,1
2022-01-24,14544,2275,2907,5817,388,735,971,786,527,138
2022-01-25,25963,6006,4539,7663,755,2821,1653,1279,1025,222
2022-01-26,16754,3585,3143,5724,698,1001,1032,801,647,123
2022-01-27,14497,3107,2843,5428,440,743,699,575,569,93
2022-01-28,14885,3134,3083,5299,452,873,716,807,433,88
2022-01-29,6879,2282,952,1790,310,380,573,388,167,37
2022-01-30,2041,558,586,819,37,31,9,1,0,0
2022-01-31,23634,6480,3803,5871,818,3020,1700,989,723,230
2022-02-01,9496,1873,1738,3366,300,624,376,689,392,138
2022-02-02,9378,1884,1850,3334,337,590,377,568,341,97
2022-02-03,7540,1474,1459,2734,321,403,220,581,274,74
2022-02-04,12982,2906,2279,3991,382,1150,617,960,537,160
2022-02-05,5058,1391,974,1280,239,329,364,313,142,26
2022-02-06,1136,178,453,411,13,61,4,10,6,0
2022-02-07,9241,2002,1829,2248,295,1108,694,569,374,122
2022-02-08,7674,1617,1464,2368,328,670,369,574,224,60
2022-02-09,8907,2069,1646,2578,347,815,346,854,212,40
2022-02-10,8687,1907,1739,2572,203,803,415,655,292,101
2022-02-11,10227,1781,2254,3020,354,944,479,1080,265,50
2022-02-12,5997,1432,1116,1578,349,476,566,412,56,12
2022-02-13,1540,504,488,418,46,57,17,0,3,7
2022-02-14,9279,1859,1592,2344,318,1266,597,761,365,177
2022-02-15,9029,1474,1537,2918,560,946,402,880,256,56
2022-02-16,9274,1586,1618,2952,439,959,490,954,206,70
2022-02-17,10210,1961,1961,3332,472,793,574,661,353,103
2022-02-18,10381,1900,2102,3217,447,1003,700,678,233,101
2022-02-19,5657,1456,1032,1331,353,395,654,351,63,22
2022-02-20,1134,144,578,346,19,13,32,2,0,0
2022-02-21,8049,1390,1703,2391,205,926,608,513,246,67
2022-02-22,9193,1385,2000,3233,292,1125,483,475,155,45
2022-02-23,9648,1371,2177,3061,279,1347,552,626,166,69
2022-02-24,12239,2050,2225,3974,337,1912,729,545,309,158
2022-02-25,7881,1117,1626,3195,138,882,322,338,200,63
2022-02-26,3186,659,860,1044,69,232,109,128,57,28
2022-02-27,372,87,173,78,19,5,8,0,2,0
2022-02-28,228,88,59,43,4,28,2,4,0,0
2022-03-01,148,38,47,37,16,8,0,2,0,0
2022-03-02,7629,1322,1753,2133,218,1527,222,279,130,45
2022-03-03,3310,545,388,1341,115,456,117,251,30,67
2022-03-04,17253,3303,4609,5215,547,1319,781,999,257,223
2022-03-05,3813,1131,756,671,258,298,397,261,22,19
2022-03-06,765,107,279,342,9,18,3,7,0,0
2022-03-07,5816,823,1357,2302,323,328,275,309,74,25
2022-03-08,5020,628,1072,2186,332,264,289,180,37,32
2022-03-09,5451,625,1193,1891,414,519,401,344,46,18
2022-03-10,6798,898,1530,2357,408,461,718,326,71,29
2022-03-11,6998,1113,1646,2210,543,525,525,340,57,39
2022-03-12,2121,265,451,636,265,147,305,49,2,1
2022-03-13,646,214,322,3,5,56,41,5,0,0
2022-03-14,13539,3013,1757,609,413,5006,1464,558,515,204
2022-03-15,8514,1232,1790,2599,535,1168,566,438,105,81
2022-03-16,9524,1123,2167,2692,737,1452,663,409,163,118
2022-03-17,6054,817,1293,1923,500,698,331,291,119,82
2022-03-18,6538,702,1639,1628,875,669,434,355,168,68
2022-03-19,2827,493,617,419,401,308,447,121,12,9
2022-03-20,318,81,122,77,30,4,2,2,0,0
2022-03-21,3963,669,1002,815,399,483,317,173,73,32
2022-03-22,5032,710,1580,893,671,554,302,228,61,33
2022-03-23,5390,660,1439,1266,936,267,395,239,101,87
2022-03-24,3498,493,967,756,523,282,273,144,44,16
2022-03-25,6717,1099,1550,897,1265,985,506,217,119,79
2022-03-26,1419,361,272,218,216,49,236,42,16,9
2022-03-27,401,109,88,127,48,8,20,1,0,0
2022-03-28,3967,861,973,604,590,380,320,149,35,55
2022-03-29,3388,590,728,858,474,289,232,143,41,33
2022-03-30,3412,597,856,806,347,266,292,159,40,49
2022-03-31,3966,912,901,705,577,244,350,212,28,37
2022-04-01,3905,856,1046,501,466,439,223,205,86,83
2022-04-02,1877,525,332,282,375,79,142,96,45,1
2022-04-03,320,158,78,41,35,8,0,0,0,0
2022-04-04,2566,774,475,436,347,213,87,119,98,17
2022-04-05,2832,712,637,415,343,211,207,169,124,14
2022-04-06,1120,322,234,232,47,192,45,21,15,12
2022-04-07,1792,443,364,267,246,184,154,86,30,18
2022-04-08,3985,815,932,832,593,254,275,242,32,10
2022-04-09,1451,401,256,247,234,134,107,57,6,9
2022-04-10,186,44,69,50,6,14,1,2,0,0
2022-04-11,1435,350,345,361,97,114,58,64,32,14
2022-04-12,1869,517,407,417,146,195,69,72,32,14
2022-04-13,1718,448,430,290,172,158,96,70,34,20
2022-04-14,2179,751,458,357,155,214,150,63,21,10
2022-04-15,510,71,98,60,106,57,108,7,2,1
2022-04-16,417,141,85,41,34,49,39,5,14,9
2022-04-17,123,24,58,38,0,3,0,0,0,0
2022-04-18,33670,10459,2530,3352,406,8295,2515,904,3961,1248
2022-04-19,1406,339,320,363,92,94,64,83,47,4
2022-04-20,1828,422,335,460,139,113,148,90,105,16
2022-04-21,2183,567,358,495,216,166,127,113,124,17
2022-04-22,3738,854,800,685,373,336,386,126,162,16
2022-04-23,388,142,31,84,25,39,42,19,3,3
2022-04-24,363,29,31,294,3,3,0,0,3,0
2022-04-25,1398,408,298,321,74,87,85,62,48,15
2022-04-26,2068,618,396,453,146,181,77,121,49,27
2022-04-27,1498,390,318,391,121,56,87,88,34,13
2022-04-28,2277,749,463,374,145,211,150,130,46,9
2022-04-29,2119,664,432,458,166,70,108,92,122,7
2022-04-30,1076,401,178,193,83,75,57,36,39,14
2022-05-01,91,31,42,13,4,0,1,0,0,0
2022-05-02,106,36,15,49,2,2,0,1,1,0
2022-05-03,1691,721,278,242,129,108,84,64,26,39
2022-05-04,1993,577,420,322,96,242,73,120,124,19
2022-05-05,1133,359,170,312,62,54,83,41,42,10
2022-05-06,3222,1179,576,405,126,506,183,122,97,28
2022-05-07,961,318,158,224,49,74,71,39,23,5
2022-05-08,116,33,37,38,5,3,0,0,0,0
2022-05-09,1320,364,278,266,81,100,90,78,50,13
2022-05-10,1411,362,259,363,81,145,66,56,63,16
2022-05-11,1516,405,392,308,68,144,60,73,52,14
2022-05-12,5351,1137,851,1267,385,420,368,359,536,28
2022-05-13,456,79,139,143,33,7,27,22,3,3
2022-05-14,207,64,39,61,15,5,19,2,2,0
2022-05-15,88,19,32,30,6,1,0,0,0,0
2022-05-16,2087,520,491,291,86,330,102,99,128,40
2022-05-17,503,63,101,198,36,21,27,38,18,1
2022-05-18,1616,370,322,572,95,64,90,61,36,6
2022-05-19,1440,255,347,520,52,75,87,43,54,7
2022-05-20,2422,502,536,706,179,235,135,69,45,15
2022-05-21,1220,332,250,351,79,97,70,15,19,7
2022-05-22,165,19,48,83,4,6,5,0,0,0
2022-05-23,715,161,154,271,36,19,13,32,26,3
2022-05-24,1468,258,270,679,79,62,31,36,44,9
2022-05-25,1181,322,219,469,58,42,11,31,26,3
2022-05-26,1105,252,230,407,76,29,24,39,36,12
2022-05-27,860,184,178,338,39,39,44,12,16,10
2022-05-28,437,131,91,154,21,14,11,9,2,4
2022-05-29,105,11,17,74,2,0,1,0,0,0
2022-05-30,834,141,165,375,34,33,23,34,25,4
2022-05-31,1521,344,287,593,75,72,82,33,27,8
2022-06-01,1004,226,187,392,52,51,27,34,30,5
2022-06-02,950,211,161,369,39,36,47,38,39,10
2022-06-03,989,252,166,384,44,35,46,39,18,5
2022-06-04,805,249,130,306,24,35,35,15,11,0
2022-06-05,170,25,29,113,0,1,2,0,0,0
2022-06-06,924,143,185,446,25,32,24,34,28,7
2022-06-07,1365,268,271,559,54,57,56,53,38,9
2022-06-08,1357,262,263,581,43,42,61,45,55,5
